Scene,ATE Mean,ATE Median,ATE Std,ATE Max,RPE Translation,RPE Rotation
scene0000_00,2.3934,2.1890,1.2038,5.5076,,
scene0005_00,1.1028,1.0927,0.5242,2.5702,1.0016,0.8741
scene0011_00,2.7223,2.7103,1.4184,4.9341,,
scene0011_01,3.3213,3.4810,1.4055,5.8238,,
scene0050_01,1.2858,1.2067,0.5950,2.6749,0.9617,2.7187
scene0378_00,0.7132,0.6393,0.4135,1.8418,,
scene0378_02,0.8392,0.6630,0.4878,2.0207,,
scene0518_00,0.8392,0.6630,0.4878,2.0207,,
